<?xml version="1.0" encoding="UTF-8"?>
<project-private xmlns="http://www.netbeans.org/ns/project-private/1">
    <editor-bookmarks xmlns="http://www.netbeans.org/ns/editor-bookmarks/2" lastBookmarkId="0"/>
    <open-files xmlns="http://www.netbeans.org/ns/projectui-open-files/2">
        <group>
            <file>file:/C:/Users/User/Documents/NetBeansProjects/as/as/src/as/Customer.java</file>
            <file>file:/C:/Users/User/Documents/NetBeansProjects/as/as/src/as/Paymentmethod.java</file>
            <file>file:/C:/Users/User/Documents/NetBeansProjects/as/as/src/as/Home.java</file>
            <file>file:/C:/Users/User/Documents/NetBeansProjects/as/as/src/as/Room.java</file>
            <file>file:/C:/Users/User/Documents/NetBeansProjects/as/as/src/as/Login.java</file>
            <file>file:/C:/Users/User/Documents/NetBeansProjects/as/as/src/as/As.java</file>
            <file>file:/C:/Users/User/Documents/NetBeansProjects/as/as/src/as/Owner.java</file>
            <file>file:/C:/Users/User/Documents/NetBeansProjects/as/as/src/as/DBConnection.java</file>
        </group>
    </open-files>
</project-private>
